<?xml version="1.0" encoding="UTF-8" standalone="yes"?>
<plan-library>
	<library-info title="NewPlanLibrary">
		<administrative-data original-author="AsbruViewNew" />
	</library-info>
	<domain-defs>
		<domain name="mainDomain">
			<not-yet-defined />
		</domain>
	</domain-defs>
	<plans>
		<plan-group>
			<plan title="" name="A">
				<conditions>
					<abort-condition>
						<simple-condition>
							<explanation
								text="Exiting the protocol to individualized clinical evaluation, including assessment of jaundice and non-isoimmune hemolytic disease." />
							<comparison type="equal">
								<left-hand-side>
									<variable-ref name="pathologic-reason" />
								</left-hand-side>
								<right-hand-side>
									<qualitative-constant value="yes" />
								</right-hand-side>
							</comparison>
						</simple-condition>
					</abort-condition>
				</conditions>
				<plan-body>
					<subplans type="sequentially">
						<wait-for>
							<all />
						</wait-for>
						<plan-activation>
							<plan-schema name="AA" />
						</plan-activation>
						<plan-activation>
							<plan-schema name="AB" />
						</plan-activation>
						<plan-activation>
							<plan-schema name="AC" />
						</plan-activation>
						<plan-activation>
							<plan-schema name="AD" />
						</plan-activation>
						<plan-activation>
							<plan-schema name="AE" />
						</plan-activation>
						<plan-activation>
							<plan-schema name="AF" />
						</plan-activation>
					</subplans>
				</plan-body>
			</plan>
			<plan title="" name="AA">
				<plan-body>
					<subplans type="any-order">
						<wait-for>
							<all />
						</wait-for>
						<plan-activation>
							<plan-schema name="AAA" />
						</plan-activation>
						<plan-activation>
							<plan-schema name="AAB" />
						</plan-activation>
						<plan-activation>
							<plan-schema name="AAX" />
						</plan-activation>
						<if-then-else>
							<simple-condition>
								<comparison type="equal">
									<left-hand-side>
										<parameter-ref name="cond1" />
									</left-hand-side>
									<right-hand-side>
										<qualitative-constant value="true" />
									</right-hand-side>
								</comparison>
							</simple-condition>
							<then-branch>
								<plan-activation>
									<plan-schema name="AAA" />
								</plan-activation>
							</then-branch>
						</if-then-else>
						<plan-activation>
							<plan-schema name="AAA" />
						</plan-activation>
					</subplans>
				</plan-body>
			</plan>
			<plan title="" name="AC">
				<plan-body>
					<subplans type="any-order">
						<wait-for>
							<all />
						</wait-for>
						<user-performed />
						<cyclical-plan>
							<start-time>
								<cyclical-time-annotation>
									<time-range>
										<not-yet-defined />
									</time-range>
									<set-of-cyclical-time-points>
										<not-yet-defined />
										<time-point>
											<now />
										</time-point>
										<offset>
											<now />
										</offset>
										<frequency>
											<now />
										</frequency>
									</set-of-cyclical-time-points>
								</cyclical-time-annotation>
							</start-time>
							<cyclical-plan-body>
								<subplans type="sequentially">
									<wait-for>
										<all />
									</wait-for>
									<ask>
										<parameter-ref name="TSB-value" />
										<time-out>
											<now />
										</time-out>
									</ask>
									<ask>
										<parameter-ref name="age-child" />
										<time-out>
											<now />
										</time-out>
									</ask>
								</subplans>
							</cyclical-plan-body>
							<repeat-specification>
								<retry-delay>
									<minimum>
										<numerical-constant scale="time" unit="h"
											value="12" />
									</minimum>
									<maximum>
										<numerical-constant scale="time" unit="h"
											value="24" />
									</maximum>
								</retry-delay>
							</repeat-specification>
						</cyclical-plan>
						<plan-activation>
							<plan-schema name="AAA" />
						</plan-activation>
						<plan-activation>
							<plan-schema name="asdfasfdasfd" />
						</plan-activation>
					</subplans>
				</plan-body>
			</plan>
			<plan title="" name="AD">
				<plan-body>
					<cyclical-plan>
						<start-time>
							<cyclical-time-annotation>
								<time-range>
									<not-yet-defined />
								</time-range>
								<set-of-cyclical-time-points>
									<not-yet-defined />
									<time-point>
										<now />
									</time-point>
									<offset>
										<now />
									</offset>
									<frequency>
										<now />
									</frequency>
								</set-of-cyclical-time-points>
							</cyclical-time-annotation>
						</start-time>
						<cyclical-plan-body>
							<subplans type="unordered">
								<user-performed />
								<subplans type="sequentially" />
							</subplans>
						</cyclical-plan-body>
						<repeat-specification>
							<retry-delay>
								<minimum>
									<numerical-constant scale="time" unit="h"
										value="12" />
								</minimum>
								<maximum>
									<numerical-constant scale="time" unit="h"
										value="24" />
								</maximum>
							</retry-delay>
						</repeat-specification>
					</cyclical-plan>
				</plan-body>
			</plan>
			<plan title="" name="AE">
				<plan-body>
					<subplans type="unordered">
						<wait-for>
							<all />
						</wait-for>
						<user-performed />
						<ask>
							<parameter-ref name="TSB-value" />
							<time-out>
								<now />
							</time-out>
						</ask>
						<if-then-else>
							<simple-condition>
								<comparison type="equal">
									<left-hand-side>
										<parameter-ref name="cond1" />
									</left-hand-side>
									<right-hand-side>
										<qualitative-constant value="true" />
									</right-hand-side>
								</comparison>
							</simple-condition>
							<then-branch>
								<plan-activation>
									<plan-schema name="AAA" />
								</plan-activation>
							</then-branch>
						</if-then-else>
					</subplans>
				</plan-body>
			</plan>
			<plan title="" name="AAB">
				<plan-body>
					<user-performed />
				</plan-body>
			</plan>
			<plan title="" name="AAX">
				<plan-body>
					<if-then-else>
						<simple-condition>
							<comparison type="equal">
								<left-hand-side>
									<parameter-ref name="cond1" />
								</left-hand-side>
								<right-hand-side>
									<qualitative-constant value="true" />
								</right-hand-side>
							</comparison>
						</simple-condition>
						<then-branch>
							<plan-activation>
								<plan-schema name="AAA" />
							</plan-activation>
						</then-branch>
					</if-then-else>
				</plan-body>
			</plan>
			<plan title="" name="AB">
				<conditions>
					<abort-condition>
						<constraint-combination type="or">
							<simple-condition>
								<explanation
									text="Follow this infant into routine clinical supervision." />
								<comparison type="equal">
									<left-hand-side>
										<parameter-ref name="jaundice-clinically-significant" />
									</left-hand-side>
									<right-hand-side>
										<qualitative-constant value="no" />
									</right-hand-side>
								</comparison>
							</simple-condition>
							<plan-state-constraint state="completed">
								<plan-pointer>
									<static-plan-pointer />
								</plan-pointer>
								<time-annotation>
									<now />
								</time-annotation>
							</plan-state-constraint>
						</constraint-combination>
					</abort-condition>
				</conditions>
				<plan-body>
					<subplans type="unordered">
						<wait-for>
							<all />
						</wait-for>
						<plan-activation>
							<plan-schema name="ABA" />
						</plan-activation>
						<subplans type="any-order" />
						<subplans type="sequentially">
							<subplans type="parallel" />
							<plan-activation>
								<plan-schema name="GGGGG" />
							</plan-activation>
							<plan-activation>
								<plan-schema name="AAA" />
							</plan-activation>
						</subplans>
						<plan-activation>
							<plan-schema name="AAA" />
						</plan-activation>
						<plan-activation>
							<plan-schema name="AAA" />
						</plan-activation>
					</subplans>
				</plan-body>
			</plan>
			<plan title="" name="ABA">
				<conditions>
					<abort-condition>
						<constraint-combination type="or">
							<simple-condition>
								<explanation
									text="Exiting the protocol to individualized clinical evaluation, including assessment of jaundice in light of prematurity." />
								<comparison type="equal">
									<left-hand-side>
										<parameter-ref name="term-child" />
									</left-hand-side>
									<right-hand-side>
										<qualitative-constant value="no" />
									</right-hand-side>
								</comparison>
							</simple-condition>
							<simple-condition>
								<explanation
									text="Exiting the protocol to individualized clinical evaluation, including assessment of jaundice and non-isoimmune hemolytic disease." />
								<comparison type="equal">
									<left-hand-side>
										<parameter-ref name="age" />
									</left-hand-side>
									<right-hand-side>
										<qualitative-constant value="day1" />
									</right-hand-side>
								</comparison>
							</simple-condition>
							<simple-condition>
								<comparison type="equal">
									<left-hand-side>
										<variable-ref name="pathologic-reason" />
									</left-hand-side>
									<right-hand-side>
										<qualitative-constant value="yes" />
									</right-hand-side>
								</comparison>
							</simple-condition>
						</constraint-combination>
					</abort-condition>
				</conditions>
				<plan-body>
					<subplans type="sequentially">
						<wait-for>
							<all />
						</wait-for>
						<subplans type="any-order">
							<wait-for>
								<all />
							</wait-for>
							<user-performed />
						</subplans>
						<plan-activation>
							<plan-schema name="GGGGAAAA" />
						</plan-activation>
						<if-then-else>
							<simple-condition>
								<simple-condition-combination type="or">
									<comparison type="equal">
										<left-hand-side>
											<parameter-ref name="physical-exam-OK" />
										</left-hand-side>
										<right-hand-side>
											<qualitative-constant value="no" />
										</right-hand-side>
									</comparison>
									<comparison type="equal">
										<left-hand-side>
											<parameter-ref name="colour-stools" />
										</left-hand-side>
										<right-hand-side>
											<string-constant value="&quot;light&quot;" />
										</right-hand-side>
									</comparison>
									<comparison type="equal">
										<left-hand-side>
											<parameter-ref name="colour-urine" />
										</left-hand-side>
										<right-hand-side>
											<string-constant value="&quot;dark&quot;" />
										</right-hand-side>
									</comparison>
								</simple-condition-combination>
							</simple-condition>
							<then-branch>
								<ask>
									<parameter-ref name="direct-serum-bilirubin" />
									<time-out>
										<now />
									</time-out>
								</ask>
								<variable-assignment variable="possibility-of-cholestatic-disease">
									<qualitative-constant value="yes" />
								</variable-assignment>
								<plan-activation>
									<plan-schema />
								</plan-activation>
							</then-branch>
							<else-branch>
								<variable-assignment variable="possibility-of-cholestatic-disease">
									<qualitative-constant value="no" />
								</variable-assignment>
								<plan-activation>
									<plan-schema />
								</plan-activation>
							</else-branch>
						</if-then-else>
					</subplans>
				</plan-body>
			</plan>
			<plan title="" name="AF">
				<plan-body />
			</plan>
			<plan title="" name="GGGGG">
				<plan-body>
					<subplans type="unordered">
						<user-performed />
						<subplans type="parallel" />
					</subplans>
				</plan-body>
			</plan>
			<plan title="" name="GGGGAAAA">
				<plan-body>
					<subplans type="any-order">
						<subplans type="parallel" />
					</subplans>
				</plan-body>
			</plan>
			<plan title="" name="AAA">
				<plan-body>
					<subplans type="sequentially">
						<plan-activation>
							<plan-schema name="AD" />
						</plan-activation>
					</subplans>
				</plan-body>
			</plan>
			<plan title="" name="asdfasfdasfd">
				<plan-body />
			</plan>
		</plan-group>
	</plans>
</plan-library>