<?xml version="1.0" encoding="UTF-8"?>
<!DOCTYPE plan-library SYSTEM "Asbru_7.3h_DELTA.dtd">
<plan-library>
	<library-info title="NewPlanLibrary">
		<administrative-data original-author="AsbruViewNew"/>
	</library-info>
	<domain-defs>
		<domain name="mainDomain">
			<qualitative-scale-def name="Boolean">
				<qualitative-entry entry="no" />
				<qualitative-entry entry="yes" />
			</qualitative-scale-def>
			<parameter-group>
				<parameter-def name="param_A" required="yes" type="Boolean">
					<raw-data-def mode="manual" use-as-context="no" />
				</parameter-def>
				<parameter-def name="param_B" required="yes" type="Boolean">
					<raw-data-def mode="manual" use-as-context="no" />
				</parameter-def>
				<parameter-def name="param_C" required="yes" type="Boolean">
					<raw-data-def mode="manual" use-as-context="no" />
				</parameter-def>
			</parameter-group>
		</domain>
	</domain-defs>
	<plans>
		<plan-group>
			<plan name="root_P17" title="Interleaved Parallel Routing">
				<plan-body>
					<subplans type="any-order">
						<wait-for>
							<all />
						</wait-for>
						<plan-activation>
							<plan-schema name="Plan_C" /> 	
						</plan-activation>
						<plan-activation>
							<plan-schema name="Plan_B" />
						</plan-activation>
						<plan-activation>
							<plan-schema name="Plan_A" />
						</plan-activation>
					</subplans>
				</plan-body>
			</plan>
			<plan name="Plan_A" title="Plan A">
				<plan-body>
					<user-performed />
				</plan-body>
			</plan>
			<plan name="Plan_B" title="Plan B">
				<plan-body>
					<user-performed />
				</plan-body>
			</plan>
			<plan name="Plan_C" title="Plan C">
				<conditions>
					<filter-precondition>
						<plan-state-constraint state="completed">
							<plan-pointer>
								<static-plan-pointer plan-name="Plan_B" />
							</plan-pointer>
							<time-annotation>
								<any />
							</time-annotation>
						</plan-state-constraint>
					</filter-precondition>
				</conditions>
				<plan-body>
					<user-performed />
				</plan-body>
			</plan>
		</plan-group>
	</plans>
</plan-library>