<?xml version="1.0" encoding="UTF-8"?>
<!DOCTYPE plan-library SYSTEM "Asbru_7.3h_DELTA.dtd">
<plan-library>
	<domain-defs>
		<domain name="mainDomain">
			<qualitative-scale-def name="Boolean">
				<qualitative-entry entry="no" />
				<qualitative-entry entry="yes" />
			</qualitative-scale-def>
			<parameter-group>
				<parameter-def name="dummy" required="no" type="Boolean">
					<raw-data-def mode="manual" use-as-context="no" />
				</parameter-def>
			</parameter-group>
		</domain>
	</domain-defs>
	<plans>
		<plan-group>
			<plan name="root_P3_synchronization" title="">
				<plan-body>
					<subplans type="unordered">
						<wait-for>
							<all/>
						</wait-for>
						<plan-activation>
							<plan-schema name="Parallel_Block"/>
						</plan-activation>
						<plan-activation>
							<plan-schema name="Synchronization"/>
						</plan-activation>
					</subplans>
				</plan-body>
			</plan>
			<plan name="Parallel_Block" title="Parallel_Block">
				<plan-body>
					<subplans type="parallel">
						<wait-for>
							<all/>
						</wait-for>
						<plan-activation>
							<plan-schema name="Plan_A"/>
						</plan-activation>
						<plan-activation>
							<plan-schema name="Plan_B"/>
						</plan-activation>
					</subplans>
				</plan-body>
			</plan>
			<plan name="Plan_A" title="Plan A">
				<plan-body>
					<user-performed />
				</plan-body>
			</plan>
			<plan name="Plan_B" title="Plan B">
				<plan-body>
					<user-performed />
				</plan-body>
			</plan>
			<plan name="Synchronization" title="Synchronization">
				<conditions>
					<filter-precondition>
						<plan-state-constraint state="completed">  
							<plan-pointer>  
								<static-plan-pointer plan-name="P3" />  
							</plan-pointer>  
							<time-annotation>  
								<now />  
							</time-annotation>  
						</plan-state-constraint>
					</filter-precondition>
				</conditions>
				<plan-body>
					<user-performed />
				</plan-body>
			</plan>
		</plan-group>
	</plans>
</plan-library>
