<?xml version="1.0" encoding="UTF-8"?>
<!DOCTYPE plan-library SYSTEM "Asbru_7.3h_DELTA.dtd">
<plan-library>
	<library-info title="NewPlanLibrary">
		<administrative-data original-author="KK"/>
	</library-info>
	<domain-defs>
		<domain name="mainDomain">
			<parameter-group>
				<parameter-def name="p_Number" type="int">
					<raw-data-def mode="manual" />
				</parameter-def>
			</parameter-group>
		</domain>
	</domain-defs>
  <plans>
  	<plan-group>
  		<plan name="root_P43" title="Explicit Termination">
  			<plan-body>
  				<subplans type="sequentially">
  					<wait-for>
						<all/>		
  					</wait-for>
  					<plan-activation>
  						<plan-schema name="Pre_Plan" />
  					</plan-activation>
  					<plan-activation>
  						<plan-schema name="Block"/>
  					</plan-activation>
  				</subplans>
  			</plan-body>
  		</plan>
  		<plan name="Block">
  			<plan-body>
  				<subplans type="unordered" wait-for-optional-subplans="no">
					<wait-for>
  						<wait-for-group type="or">
  							<static-plan-pointer plan-name="plan_B"/>
							<static-plan-pointer plan-name="plan_D"/>
  						</wait-for-group>
					</wait-for>
  					<plan-activation>
  						<plan-schema name="plan_A"/>
  					</plan-activation>
  					<plan-activation>
  						<plan-schema name="plan_B"/>
  					</plan-activation>
  					<plan-activation>
  						<plan-schema name="plan_C"/>
  					</plan-activation>
  					<plan-activation>
  						<plan-schema name="plan_D"/>
  					</plan-activation>
  				</subplans>
  			</plan-body>
  		</plan>
  		<plan name="plan_A">
			<conditions>
				<complete-condition>
  					<plan-state-constraint state="activated">
  						<self />
  						<time-annotation>
                            <time-range>
                            	<starting-shift>
                	           		<latest>
                            			<numerical-constant value="-1" unit="s" />
                            		</latest>
								</starting-shift>
							</time-range>
                            <now />
                    	</time-annotation>
  					</plan-state-constraint>
  				</complete-condition>
				<abort-condition>
					<plan-state-constraint state="completed">
						<plan-pointer>
							<static-plan-pointer plan-name="plan_D" />
						</plan-pointer>
						<time-annotation>
							<now />
						</time-annotation>
					</plan-state-constraint>
				</abort-condition>
			</conditions>
  			<plan-body>
  				<user-performed />
  			</plan-body>
  		</plan>
  		<plan name="plan_B">
  			<conditions>
  				<filter-precondition>
					<constraint-combination type="and">
						<plan-state-constraint state="completed">
							<plan-pointer>
								<static-plan-pointer plan-name="plan_A" />
							</plan-pointer>
							<time-annotation>
								<now />
							</time-annotation>
						</plan-state-constraint>
						<parameter-proposition parameter-name="p_Number">
	  						<value-description type="equal">
	  							<numerical-constant value="2"/>
	  						</value-description>
	  						<context>
	  							<any/>
	  						</context>
	  						<time-annotation>
	  							<now/>
	  						</time-annotation>
	  					</parameter-proposition>
					</constraint-combination>
				</filter-precondition>
				<complete-condition>
  					<plan-state-constraint state="activated">
  						<self />
  						<time-annotation>
                            <time-range>
                            	<starting-shift>
                	           		<latest>
                            			<numerical-constant value="-2" unit="s" />
                            		</latest>
								</starting-shift>
							</time-range>
                            <now />
                    	</time-annotation>
  					</plan-state-constraint>
  				</complete-condition>
				<abort-condition>
					<plan-state-constraint state="completed">
						<plan-pointer>
							<static-plan-pointer plan-name="plan_D" />
						</plan-pointer>
						<time-annotation>
							<now />
						</time-annotation>
					</plan-state-constraint>
				</abort-condition>
  			</conditions>
  			<plan-body>
  				<user-performed/>
  			</plan-body>
  		</plan>
  		<plan name="plan_C">
  			<conditions>
  				<filter-precondition>
  					<parameter-proposition parameter-name="p_Number">
  						<value-description type="equal">
  							<numerical-constant value="2"/>
  						</value-description>
  						<context>
  							<any/>
  						</context>
  						<time-annotation>
  							<now/>
  						</time-annotation>
  					</parameter-proposition>
  				</filter-precondition>
				<complete-condition>
  					<plan-state-constraint state="activated">
  						<self />
  						<time-annotation>
                            <time-range>
                            	<starting-shift>
                	           		<latest>
                            			<numerical-constant value="-1" unit="s" />
                            		</latest>
								</starting-shift>
							</time-range>
                            <now />
                    	</time-annotation>
  					</plan-state-constraint>
  				</complete-condition>
				<abort-condition>
						<plan-state-constraint state="completed">
							<plan-pointer>
								<static-plan-pointer plan-name="plan_B" />
							</plan-pointer>
							<time-annotation>
								<now />
							</time-annotation>
						</plan-state-constraint>
				</abort-condition>
  			</conditions>
  			<plan-body>
				<user-performed/>
			</plan-body>
		</plan>
  		<plan name="plan_D">
  			<conditions>
  				<filter-precondition>
					<plan-state-constraint state="completed">
						<plan-pointer>
							<static-plan-pointer plan-name="plan_C" />
						</plan-pointer>
						<time-annotation>
							<now />
						</time-annotation>
					</plan-state-constraint>
  				</filter-precondition>
				<abort-condition>
					<plan-state-constraint state="completed">
						<plan-pointer>
							<static-plan-pointer plan-name="plan_B" />
						</plan-pointer>
						<time-annotation>
							<now />
						</time-annotation>
					</plan-state-constraint>
				</abort-condition>
  			</conditions>
  			<plan-body>
				<user-performed/>
			</plan-body>
		</plan>
  		<plan name="Pre_Plan">
  			<conditions>
  				<complete-condition>
  					<plan-state-constraint state="activated">
  						<self />
  						<time-annotation>
                            <time-range>
                            	<starting-shift>
                	           		<latest>
                            			<numerical-constant value="-3" unit="s" />
                            		</latest>
								</starting-shift>
							</time-range>
                            <now />
                    	</time-annotation>
  					</plan-state-constraint>
  				</complete-condition>
  			</conditions>
  			<plan-body>
  				<user-performed />
  			</plan-body>
  		</plan>
  	</plan-group>
  </plans>
</plan-library>

