<?xml version="1.0" encoding="UTF-8"?>
<!DOCTYPE plan-library SYSTEM "Asbru_7.3h_DELTA.dtd">
<plan-library>
	<library-info title="NewPlanLibrary">
		<administrative-data original-author="AsbruViewNew"/>
	</library-info>
	<domain-defs>
		<domain name="mainDomain">
			<qualitative-scale-def name="Boolean">
				<qualitative-entry entry="no" />
				<qualitative-entry entry="yes" />
			</qualitative-scale-def>
			<parameter-group>
				<parameter-def name="dummy" required="no" type="Boolean">
					<raw-data-def mode="manual" use-as-context="no" />
				</parameter-def>
				<parameter-def name="age" required="yes" type="Age">
					<raw-data-def mode="manual" use-as-context="no" />
				</parameter-def>
			</parameter-group>
		</domain>
	</domain-defs>
	<plans>
		<plan-group>
			<plan name="root_P5" title="">
				<plan-body>
					<subplans type="sequentially"> 		<!-- or parallel -->
						<wait-for>
							<all />
						</wait-for>
						<plan-activation>
							<plan-schema name="P4_Exclusive_Choice" />
						</plan-activation>
						<plan-activation>
							<plan-schema name="Simple_Merge" />
						</plan-activation>
					</subplans>
				</plan-body>
			</plan>
			<plan name="P4_Exclusive_Choice" title="">
				<plan-body>
					<if-then-else>
						<simple-condition>
							<comparison type="less-or-equal">
								<left-hand-side>
									<parameter-ref name="age" />
								</left-hand-side>
								<right-hand-side>
									<numerical-constant value="15" />
								</right-hand-side>
							</comparison>
						</simple-condition>
						<then-branch>
							<plan-activation>
								<plan-schema name="Plan_A" />
							</plan-activation>
						</then-branch>
						<else-branch> 		<!-- can contain further if-then-else nestings -->
							<plan-activation>
								<plan-schema name="Plan_B" />
							</plan-activation>
						</else-branch>
					</if-then-else>
				</plan-body>
			</plan>
			<plan name="Plan_A" title="Plan A">
				<plan-body>
					<user-performed />
				</plan-body>
			</plan>
			<plan name="Plan_B" title="Plan B">
				<plan-body>
					<user-performed />
				</plan-body>
			</plan>
			<plan name="Simple_Merge" title="Simple Merge">
				<plan-body>
					<user-performed />
				</plan-body>
			</plan>
		</plan-group>
	</plans>
</plan-library>